page_id,img_file_name,publish_date,column_type,page_type,special_name,column_id
5aab108b7081440a77b97f6db2490fcc63df85ca87b8f53d22bf2d524bacc58f,20040305_cover.png,2004-03-05,cover,cover,,fbd2baa5e7ec0968e59377942740522937fce30fa83118f2678539f3c5f97401
a321ae394ef32d803be39a3f012697ead0aeb7b1609f199288d84d1d54633b79,20040305_p1.png,2004-03-05,standard,p1,,1b22ac83050a0f750b3c383c719171bb052230a7909f9dddafd6b84fa8eb8acb
3be1bd27cf783918cc740389b3e25ae7d56dd6bae6e5139b3214fda29f2ce0f9,20040319_p1.png,2004-03-19,standard,p1,,20919f19defa9c1680c49c94dc70c6ab4977587768de56a97b30af40134ede4a
9cbbd309dc087e09b7149394d70b762407e380c8e8c09887afc31825a8dd8937,20040402_p1.png,2004-04-02,standard,p1,,9981cd68cf0028a2576e2070566601002cc669e5b1aa5e4f9bb8bb901b18039d
0bca70b0f4c6e9d6113e95ec13c8c96c0e911c90a96a7ea29ee53ca6c4a8e899,20040416_p1.png,2004-04-16,standard,p1,,063156ad5fcffb2dbdd52b398af8b7b833e938326a1fe043f237486e9236b9ce
de9f1054619f274f75e642bf9d6cc831d299467fcc941949010b3a386c2d3c1d,20040416_p2.png,2004-04-16,standard,p2,,063156ad5fcffb2dbdd52b398af8b7b833e938326a1fe043f237486e9236b9ce
db8a551f12d0b21cfcaab7f549bc923a490cafddf9b04379b47ef982405ec926,20040430_p1.png,2004-04-30,standard,p1,,2039c9655239166df3f370ed5287853fad7a975ac11707381a5f3cdfe3dc6d83
5d28b2bcac78a3440bbf8d715ae91ba2df8956d079085c82e983c566e4c6a2c9,20040430_p2.png,2004-04-30,standard,p2,,2039c9655239166df3f370ed5287853fad7a975ac11707381a5f3cdfe3dc6d83
2cdcc02adbc2c5ab2cd34a84bbaedcce81153553ef158d5d87d0814fd936e315,20040514_p1.png,2004-05-14,standard,p1,,fffe25e1b8cd12f8aaf767a97bdaa99a93c4c9ebd391873b97e299c4152cfdfe
5ffe52bc4e040106117dc9e88ef830f8f4f871e176b1a3e17df66c14ca1e186d,20040528_p1.png,2004-05-28,standard,p1,,fa52b6808f67e7316147730247b13855d0c618311ef2eb65dee972d2cf887fa5
6798a3a8d110e2441dec393acec5ff9769bc8952a1c561bed3fd7ebf1e49143b,20040528_p2.png,2004-05-28,standard,p2,,fa52b6808f67e7316147730247b13855d0c618311ef2eb65dee972d2cf887fa5
4d5d03d71a525a4eae1b4b92d92a86a714e2c6f627c3cbc2a609bb129191e6e5,20040611_p1.png,2004-06-11,standard,p1,,c3edd2aaeaf9e47742a1bb744d6ab226f4ff93f5c70ea322d1d86802510995f4
49526128fa630a0aba0d28bf92ffb6b004effc23ced7e0a8a1e112ad4b99ff59,20040611_p2.png,2004-06-11,standard,p2,,c3edd2aaeaf9e47742a1bb744d6ab226f4ff93f5c70ea322d1d86802510995f4
70c6553d31058fa3d4073411fecb9b45f8649678ccdca38d85485e7904b77fec,20040625_p1.png,2004-06-25,standard,p1,,7b5056d63fedc0f509b0e94e4ecca23a33f5d948d6075e2df9610ac97a94a9ab
707bb93586caa742283bd2bf067ca81d4abfb99f52da999ddab9aec92c4940b6,20040625_p2.png,2004-06-25,standard,p2,,7b5056d63fedc0f509b0e94e4ecca23a33f5d948d6075e2df9610ac97a94a9ab
62108ac9108d5186abdad982d85c82ecabc1e9f715aa59cce1bb9c4a31b3e75c,20040709_p1.png,2004-07-09,standard,p1,,85cc64ab7060216bdc6c6b1f1a6dd7db9557ced77fa8c800e71fbb52a1b69349
55635bbbf602a3dbb24c5fb6367b8b580edbae5857c4a8d6cd8010c7260d3802,20040709_p2.png,2004-07-09,standard,p2,,85cc64ab7060216bdc6c6b1f1a6dd7db9557ced77fa8c800e71fbb52a1b69349
92378030a41b0fd25b31446a5ec2818d1a47ad96bd5b3894cbf1fe7a53eac574,20040723_p1.png,2004-07-23,standard,p1,,3be3b203b74c4cd42924fff41ee3a9a895fed2becaeb80d2b60c62a6c0b4c4ab
3abfde215b14130139d94c602fceebb34bf072f8c8f2dbbf412153a51fc6af05,20040723_p2.png,2004-07-23,standard,p2,,3be3b203b74c4cd42924fff41ee3a9a895fed2becaeb80d2b60c62a6c0b4c4ab
eb51067ce9832ad93800086553b97a99eb1bde1a05a5b08e9fce09cbda10e5b2,20040806_p1.png,2004-08-06,standard,p1,,c1e4289f6f67c4ffdb772813fb59def5943a98f0beec53d305156ff5673c9ce6
3e1eb23201d8630bf6e9872cd540f4a2e209d8ae516f35ada8775f99671df6da,20040820_p1.png,2004-08-20,standard,p1,,96fc8a825545ce753a890e2a16ad4bedb42fbc3fabb17eb86f0985d9c21f9a40
14cc2acde18fd19475da93b71f538b8597edf06bf4c97ea9314cecfb041cd840,20040820_p2.png,2004-08-20,standard,p2,,96fc8a825545ce753a890e2a16ad4bedb42fbc3fabb17eb86f0985d9c21f9a40
fd6f469af8b4817229ea2a3ccf1df753b1574276c2e0b7cecd1fc9db86d620d4,20040903_p1.png,2004-09-03,standard,p1,,2919c1762ae54d3b351434cfee926c3ab7a4b2d239a9ed9fd15d6164d6bc01cd
cf1e43079715173e483957dc9b0382b02a9698773ffa84af6c5ef7aed37027f5,20040903_p2.png,2004-09-03,standard,p2,,2919c1762ae54d3b351434cfee926c3ab7a4b2d239a9ed9fd15d6164d6bc01cd
aa6036c39d1938df6466d4327ed68a56ff12953db4409e009df7046cc89f9d96,20040917_p1.png,2004-09-17,standard,p1,,465dda1fc85d59c3bc4b404c32a2438f8f73b86b817c3c00f30a9c3c13e3bc08
aa31061898f58b91c5e67bae67664f7c462774e915c869901094830a9f9787a8,20040917_p2.png,2004-09-17,standard,p2,,465dda1fc85d59c3bc4b404c32a2438f8f73b86b817c3c00f30a9c3c13e3bc08
1158a5e0e61825e219160d5f72e166c362cf4edf811521bc3d5d083538a83453,20041001_p1.png,2004-10-01,standard,p1,,873c9fb9eda9dceb980d86cad00067c9f6da26cc53e5a32a52bdf0e8d83d304d
7c9781a08e66c7ac0d1193e676057b83f671a60578b86e717fafc017f32eaeaa,20041001_p2.png,2004-10-01,standard,p2,,873c9fb9eda9dceb980d86cad00067c9f6da26cc53e5a32a52bdf0e8d83d304d
8eef53932c7c44e66411c017a09d4fd4930a35814bb8bc9cb1d5a233fecbee40,20041029_p1.png,2004-10-29,standard,p1,,9cd9a9404afe21e03462cc2dce1a2fcb49ba0a49849da851630f96df0155b8ee
21ace254509b5d0abb397cc8074f7a927767206261040063520eb1113be46496,20041112_p1.png,2004-11-12,standard,p1,,0990d013413ca9ce617c32be66ab153d8b64d92e17306fc04f29ae45b1ee6728
3e65b48fee082a3dc2d4b52369a7764e3b63a6d367780cb51ec953c77c91f659,20041126_p1.png,2004-11-26,standard,p1,,f3982855d26f0a2f7eaa1fa533d2b32d2b0b60354284267feb6e703e75709684
1e950ff29612e9d22978ee745f8c97daa485f90506dae8f0100c37ac68f7412b,20041126_p2.png,2004-11-26,standard,p2,,f3982855d26f0a2f7eaa1fa533d2b32d2b0b60354284267feb6e703e75709684
b469b14ef4e07797e41696626d79c0f7453de1b165b7af0d7789098fb07c835e,20041210_p1.png,2004-12-10,standard,p1,,f2d5a9f6570aa66fcd94e7963eb7f5b322f1b480154aa8f5499e36c2f03d9e89
a70ee6aa3e58ab6bc96372d78e1e5179159fd5089a7ec83c7d1854ed7c5c7736,20041210_p2.png,2004-12-10,standard,p2,,f2d5a9f6570aa66fcd94e7963eb7f5b322f1b480154aa8f5499e36c2f03d9e89
ead45c1f65c1561d89c90cf96230da840cecc0fc73b4d003dfbaf80e45717272,20041224_p1.png,2004-12-24,standard,p1,,13d5b3003f8f06a21f37497b4bfa379e90f45869bffb87486d8269a88d0df24e
c55edefa18d6ea26fda3db0a9e42aafa56adb9617ad1e400cd10d466da59a4c8,20041224_p2.png,2004-12-24,standard,p2,,13d5b3003f8f06a21f37497b4bfa379e90f45869bffb87486d8269a88d0df24e
0c35bf50d4a503dafe6e8df4f65797ecbce197c398815f2b179fd189e6821556,20050218_p1.png,2005-02-18,standard,p1,,88358156e4cde4a35d759dbfb098cffe651ec4fbf31c089a2742a195bc0586ed
c8b1c54bc56a2763b393e1a818bc71ec3505099c913200331cc208bc6bc416f8,20050218_p2.png,2005-02-18,standard,p2,,88358156e4cde4a35d759dbfb098cffe651ec4fbf31c089a2742a195bc0586ed
d115583640872fc95e88a87215d6f3918ef227226f67cd204df9e5b51588cee5,20050311_p1.png,2005-03-11,standard,p1,,81f159b1e5d59ab3cc24c7ffa6a7d13393986b1aa6573234db14d81a743927ac
4747b741b8497b250a26f46b5c07304710550815eb1bfb46590bf58b26e75f33,20050311_p2.png,2005-03-11,standard,p2,,81f159b1e5d59ab3cc24c7ffa6a7d13393986b1aa6573234db14d81a743927ac
900849a4c0d65ed34097d2798c1649b73d25da741b113777c52c9815761ee21e,20050325_p1.png,2005-03-25,standard,p1,,43ff0f57c1bcc2c94fa0ee3177ff0708acdda2d5864481e4535fe06aab5f91fc
41134a54a3079c7c20bfeaa1f8011dcfd5481be71812c2930c12f03c77ca425d,20050408_p1.png,2005-04-08,standard,p1,,4eeb065d540879e61eaf0c761730be285c9e8bad78ceee2aa5d9c2f14bdd0b55
f44e9106b82c2b11657269908af46b877d62c9debaae9b6b4d523dd1157c8cb1,20050422_p1.png,2005-04-22,standard,p1,,72fe528a0db0037b7b6bd76be25745c3ccce423d4a7d85540528898bd8164ef4
dc0a3563c511cf6db29509056145891cc23201309a2a0ed3101ab7ab408177ec,20050422_p2.png,2005-04-22,standard,p2,,72fe528a0db0037b7b6bd76be25745c3ccce423d4a7d85540528898bd8164ef4
7ec7c892198824562c309b93d9cdbb1cb91e0f67b2ff664ed2293e1929a3be57,20050506_p1.png,2005-05-06,standard,p1,,f49eb1a39d6e4c9fb4176b149498ec0d59fb49c27e71cbd7289fa92eded99706
224e01d3cfd4293ef23778ecb95f42572fac4acf14522354b186fb49daaa3b70,20050520_p1.png,2005-05-20,standard,p1,,ef890b233b21af24279e34d5b1c719e96d127318f7cb27bc6e185cc104b5b6e6
4db92de6ff70920def36716cd2c9168f1f8651c9cca8d53a0c176b98846e1f97,20050603_p1.png,2005-06-03,standard,p1,,142a050d199e67d05a325420ba027d948c28dd1cd4c28dbd68e1039a9d12c78f
2c5d02acf0dd89757ffdf25aeec62bb3c3561daef1e9597d49ecf4026dcaf139,20050603_p2.png,2005-06-03,standard,p2,,142a050d199e67d05a325420ba027d948c28dd1cd4c28dbd68e1039a9d12c78f
18700be1d05b404042779eb9b4411dc747a9da27b77a30298fae6f20778799d2,20050617_p1.png,2005-06-17,standard,p1,,856c15ef7392d25ada367f5f6728a347e41e6775c2076729cf2df66e0b8fa6a5
aa82ec4315dfacde523e00dba4395dbad85fb8dc4a5149fd534ae46c519470d2,20050617_p2.png,2005-06-17,standard,p2,,856c15ef7392d25ada367f5f6728a347e41e6775c2076729cf2df66e0b8fa6a5
6dea955f563bdc6839f6fe9c1cb12ff4f9ab7beae92ee4a99355eda433e6a6ef,20050715_p1.png,2005-07-15,standard,p1,,4c113d43d8f7cfb44f9b45cfd6b4efa1670d42389d5c67c8edc2a654aa3414cf
ba2c0619b3abab4834e2bc58335633d34ecd5465bf7e4af9c5c5e34ea7ce96e0,20050729_p1.png,2005-07-29,standard,p1,,d3d2108bf25b0c2450756ea523059be9c48c4ca9c2f77a16419cb6e7297585f5
c4032797ac15a6e9fa0f4a3a3d355fb510d273ad59449369b5deb822de31ebef,20050812_p1.png,2005-08-12,standard,p1,,f205b080bf3e5755ba6c243ba5391bffcc04461cd792b05cdd8db2f340f39d23
6e6c177b0959e9030411c662719d62bdbe7a9b481f17212d64fa57c19d82deb4,20050826_p1.png,2005-08-26,standard,p1,,1904edc41146695c3566c4cd9f0c60dac25cf364e32214da7cc4bf7bc6110719
5e5f28cfb17e9bf8953f3d670503df29475d3839d0292efc3eefb6900d2965da,20050909_p1.png,2005-09-09,standard,p1,,ddff8ad5807d4b00dbccc29d975e19288cd27ff5aef422cd3872c90ca752b150
8a3ce15c076df275a78a08061c05ddd9713914988d34cee8e49f61a1516fe26b,20050923_p1.png,2005-09-23,standard,p1,,2d49e35f26535b0d6a0a0b678897e58fbddff911d1a5a79679ccb3dcd6e5b95c
179e08abfddbe5e423c26ce177c0816c27657f3e8f9682bff6714f7521ab8d77,20051007_p1.png,2005-10-07,standard,p1,,d879e1cbd71f3b67ebe073cb06f9c3f1649f3f1fa362be9ec04548f268875a69
3e531d6e4fa4c0703a24628af01c8d3b09e6cab597c8eb8cf4b8f754c2f5d1e9,20051021_p1.png,2005-10-21,standard,p1,,cfb6d8de38540737e12949332e4a49b72bd15e43a6dc5739a996fa93197e0059
947ea940439d99564834b20c2dc0b859f80072e9e73ab0ccf89782cf4db7e1c7,20051021_p2.png,2005-10-21,standard,p2,,cfb6d8de38540737e12949332e4a49b72bd15e43a6dc5739a996fa93197e0059
1fed623c677ea7acc847ca03f6dd76b544dceb3ae3c3db2a5baa78292b4b315d,20051104_p1.png,2005-11-04,standard,p1,,90524f5a7124dd7315c4dbf5153b214ce459a24cf94549a2c4d556b5e1eb0182
339f3aa263b8b43fc0ba1649052f6ec2e4a34bf9e6e49154ff065c5ef8a95fb2,20051118_p1.png,2005-11-18,standard,p1,,7e34c1af6590a42321234740f95888ca5bbec3726a3c43c9d399e1ea47cbe653
885ad3b57d33da8bb17d2a961d5f57a166127e84ef5ab04be8a3981fbd34a37e,20051202_p1.png,2005-12-02,standard,p1,,2ae32270335067eebcdf8b29bead62a84cc6ef07e18210e465f61c265b87703a
e53db7c34b2f4edc031081a0b514339f1d43d9737ca625aa0af3641af6364586,20051216_p1.png,2005-12-16,standard,p1,,59661f20c1feef687c615fa13437fb1eac6e82073c900f188f1216e63866187b
dfa74d82a7d4008dbda9a17d2b9a2935c5da224716bf7eaaddb55049c2e1ae13,20051230_p1.png,2005-12-30,standard,p1,,b3399fc55d0d7a3d21ebac5c4295e9a61d8bb641f45bd0f84bfd98d25f19ebfb
ee1151cfb62b9bc7e299081cb793cc96701a43763e13770709c12b673e17fbff,20060113_p1.png,2006-01-13,standard,p1,,4b799a723b5d213289f889164b6064214a68ab132709cd13280e4db10cc1f927
57c1a6e12aca033e9deebbf28a369e33d84d5ad07119bf8af132055ed7eaf429,20060113_p2.png,2006-01-13,standard,p2,,4b799a723b5d213289f889164b6064214a68ab132709cd13280e4db10cc1f927
c5a34a8fa8d0139e706f033669a0d015350bc6d48acaba9f77ba5f6c1f94d382,20060210_p1.png,2006-02-10,standard,p1,,b6a69a38e78664ca00f6e5189c7d61096019c55d25691977e058c45a880ea833
b3f6f9c46df0d67227918f734b3925cc301b7f193d9424ec9636df22e9c5500e,20060224_p1.png,2006-02-24,standard,p1,,39fd1a91d7eb9ac7b79757ec4886d18c0a2dbadf61c897b7d2d3a36b2f557704
52a9096bee6cea08fd7f86c42c00e7daca794af10aae3555cab5130ed80d0d9c,20060324_p1.png,2006-03-24,standard,p1,,a66f65a11521c35ca76873145faba660cae0371d5d1e22c64096e33968396bd0
06736c0762481b1284b7494c322aae35b694b35b1a2a2319e845248edb72b683,20060324_p2.png,2006-03-24,standard,p2,,a66f65a11521c35ca76873145faba660cae0371d5d1e22c64096e33968396bd0
beaa4411af7f7412b0ec73684d392b987c829a88ca1f746657e6529ee8d22dc8,20060407_p1.png,2006-04-07,standard,p1,,35f79319bea43bc86ec5448271c683306e96f8fcba1c5bb56d4cfd59a9f2b276
ee0aa9961ba11fd03a520f7a0679db2de5ea54559b36b255ce2c264bf65b4132,20060407_p2.png,2006-04-07,standard,p2,,35f79319bea43bc86ec5448271c683306e96f8fcba1c5bb56d4cfd59a9f2b276
ad27400bf133738936a28aa40be7002fd82ce22b6d39cc8b24e7ba01f26a9353,20060421_p1.png,2006-04-21,standard,p1,,29fcd39567d25080fee1b673c4051fee0c7706bec5a6101008554d0aecb3c4fc
6dfc6646a3a0e66b272de940740b769087b28d24f6c81ac1ce655e0dfd955280,20060505_p1.png,2006-05-05,standard,p1,,81bddfd29ee9f4e79303b35800d3551325e2fa2368f8c37fc580fef409688c7b
347ed1f960327e0ff33cbd766dbefde94148f100d4c128a89c57bb0fc36807ec,20060519_p1.png,2006-05-19,standard,p1,,14e05c07ecc2cfe1a2201ee7c3297692a50143fb11d5bd93bcc41c0d2717e502
e61bdecf6504eb940891f3d6b9dec179d66f6a7706946d1e2937ca66d62a1384,20060602_p1.png,2006-06-02,standard,p1,,c511cec5a67bcd5c1c3aacce33632c42a77da0bca840d4b490bb7d72ee33eac5
b3db227f029d3c3765f6129b0f8d1264f165f4b80b8752be63aa068556d11a98,20060616_p1.png,2006-06-16,standard,p1,,4ca6184168c3a4888133fa65849444309cc8e260dd7787fccf57581812cd5722
db58ee87d669e60fc19e6255a46cc785bf3c3af983a22de1b9acb1999755abf2,20060630_p1.png,2006-06-30,standard,p1,,08aeb477d419dc479bce053817fb144ee0d6e04307f3c4eb401f7c678641d476
f774e718132ff077ca6776119ced57da77ea154f2760422f2da0e53bba16f11a,20060714_p1.png,2006-07-14,standard,p1,,6274b2405db4da4ff312feebbc0b5743f0502a5003c6c6f48239e410777a117b
9cfa1f4a0a416e07f58ab9adadcef3be7a52adba3426a87e72db435c8b44a022,20060728_p1.png,2006-07-28,standard,p1,,8d2ddf66dcbd6cc3978fdbec8a54d75a4400e824aa1e2c7b3a1b874808620401
0da795bdcf742d044fbca0d95cf5943cdca315e7e25d4371cd39490fff64b528,20060728_p2.png,2006-07-28,standard,p2,,8d2ddf66dcbd6cc3978fdbec8a54d75a4400e824aa1e2c7b3a1b874808620401
3ee66d67783323dc3cbea3433a6ac27cf4012156391d2e418721089d637398bb,20060811_p1.png,2006-08-11,standard,p1,,61507d200a3d9851f4687a66be675d23f95bbeb9ed0cdbcd20648a0729954ce1
2c8fdd78f757fece1abb85af4061f2a887ac584a45131c6a493869831903db97,20060811_p2.png,2006-08-11,standard,p2,,61507d200a3d9851f4687a66be675d23f95bbeb9ed0cdbcd20648a0729954ce1
825dc0bb8896f22fdcc3f0844abbcc1687d9f6bb78702692ebc5a6efc18b9e3a,20060825_p1.png,2006-08-25,standard,p1,,871b77b2dd7deeec1351e7acb081bcc40e13e872f56379c6a7474144fba3ff83
b012652f6f312e9792218999a38a093626fb3322502074160a6f0a98e7ab2d5d,20060908_cover.png,2006-09-08,cover,cover,,a26575c4a9d9a59b7228e82a353d6e2f11fec3b9e9e01686122703352975f362
88702a7278afe5b3195220f340c58e62fe967e02d1a0217fdf4c154a814a6e48,20060908_p1.png,2006-09-08,standard,p1,,9eebc009b0b6d380737c737b9ce7a399aa9c2fff6f2a8b17a7e0e4bdff9a5c1e
84756f1c54b3f85568e1cde05d9dc5895112a0098acf9245310f5b5163b2e4e8,20060908_p1_911.png,2006-09-08,special,p1,911,37e33a2e3b7ae28738abf7de3865ea3b6da0df82a3076a81e974d95a93b5e461
cd4c3a7bc3c6fead4621e4a0c2281092df9ab73ea394ef4a13cae3b73da2c57b,20060908_p2_911.png,2006-09-08,special,p2,911,37e33a2e3b7ae28738abf7de3865ea3b6da0df82a3076a81e974d95a93b5e461
9f9eb4bb285b08bf37a2b704abab0d9113ca3308a9273b6a3bf31f5f1e74714c,20060922_p1.png,2006-09-22,standard,p1,,aca32f59cdfadb5273eed8f82492bbbc704e2ba2f653427862c591bd3903f4d2
7e73cabb200abb3a2c91c30cb817ae2e75dca656c7f5818e0ffda3ecc6a31c3f,20061006_p1.png,2006-10-06,standard,p1,,bd5e485c9022a616d1942f3984d3b54448a934f6f23458a79c0366ca933b4191
e826abaf24889a3a6493a1b7580e9e082df949fce67acfa5b21e03a48a03a998,20061020_p1.png,2006-10-20,standard,p1,,ebb4616db306834e2bc536aa848e610d1e238f3cfbc2c27378d52e69e20ff565
19d3c9cc66d3d3d59a05da8d0e104b7720cad126ec5f4df768831f18695d74a1,20061103_p1.png,2006-11-03,standard,p1,,8b324cbf9c36fd60156492c820c30eaf04c487b8fdab1e4bec6cc063d4aa10ac
0b966543f5bb4f8ec3611ccae28b634d207aa84da1681dc936ddb8dbf9ea4be4,20061201_p1.png,2006-12-01,standard,p1,,7d436610de47ae86bd1d67e5a384d9e3a0d3253d18505183df6a00a046a08926
e068ccda8b20b2b7fe378b5562fed27dfeaedcc895aed4a1017f19edd5206ace,20061201_p2.png,2006-12-01,standard,p2,,7d436610de47ae86bd1d67e5a384d9e3a0d3253d18505183df6a00a046a08926
3849121b6f85214530663a58b0b6546a97617b84597bceaf03b2d5b3af10dc2b,20061215_p1.png,2006-12-15,standard,p1,,27a842ff83b30f4948073892d314410c9e5736e8d5794d38289a6d376ff83216
4aff558153459fb8675c308f712bd92089a96ae9b8c2c5c370f93246b5b03f95,20061229_p1.png,2006-12-29,standard,p1,,86016caf7e659fb38d59af8b9336ac3914d9fb06e3e1c286e4cf75c6dc4f5e0d
3dc70c2a8873678d4bbbaf72c7e5f92b8d1bb700bb0ce13ff2c2b9619c55e207,20061229_p2.png,2006-12-29,standard,p2,,86016caf7e659fb38d59af8b9336ac3914d9fb06e3e1c286e4cf75c6dc4f5e0d
23a9c7f57e9b08e2b74c51f863b154d3597a9ac99bf9ed49877f5b471e667599,20070126_p1.png,2007-01-26,standard,p1,,a5db728ddb37158b1f98877f7f642731ffd16d9d71f8de24fa4b73639ff78e86
c1ebb01ce22b6bf7e999770b089d52e1aa68e1457184c36ca568fa9b0735245d,20070223_p1.png,2007-02-23,standard,p1,,93b6927d2f77c3b521fee66d1dbf8a2f7382b76712a768c61b2e873415b8046d
236610935c44d416550299e262adbaf259fd59c4af434e983fb951e70216c565,20070309_p1.png,2007-03-09,standard,p1,,b0a60a02a7e35728e5e019c2e9377e95a85a23c3c85e50f57cef52f34f929336
9ca510d7d3a5b087fd1ad531a56949fb86115fab8d78ddaec53c52e79f09d978,20070323_p1.png,2007-03-23,standard,p1,,017c90e7791663076374412ef0318449512137959955a7a7fbabcd83364a95b2
312104e0d7f86a70e53e4901af2336784af2cb931f38b8926dc2abd8dd2585fe,20070406_p1.png,2007-04-06,standard,p1,,62ae18d7d89cda5b6ce525d9a6f1dce613176348ee508b121c8c4856253f64fc
0c1bb208f48f75f26cb57dad292e184744687b0072f6eab68e820d92e43e7733,20070420_p1.png,2007-04-20,standard,p1,,ab951f6fd69dcc48009fb9e760a128e518ae37b1aab29cbddf8e8bb4f43dbbda
8ebbe080414023dad1084c400ba01282f7eda91b99a079a390d064951a0c2da6,20070420_p2.png,2007-04-20,standard,p2,,ab951f6fd69dcc48009fb9e760a128e518ae37b1aab29cbddf8e8bb4f43dbbda
8715835cd70a92670de41f508e254e4d7093de23031f0a00dfcb06e16b026fc3,20070504_p1.png,2007-05-04,standard,p1,,c9cd5324eca65d41748d934f029c6d9e61019b292aa4c1f07966995b16a7c0a9
9e4124ba570e16038f5fad8a0f778ad01e46562ab71ed7d7a46313b08b93460a,20070518_p1.png,2007-05-18,standard,p1,,68a5f0fc1a36845147421433266e4ba69c3ae1fd0e4800bfe364cf2477f31feb
281cf49a55fe71e71a58b9bc0465fe02e75c3d4f3740d4761421221bb899322a,20070518_p2.png,2007-05-18,standard,p2,,68a5f0fc1a36845147421433266e4ba69c3ae1fd0e4800bfe364cf2477f31feb
7061f2b95f517e5bd1078923a0b7e670d39783770672415ad63c5fd691daf4c7,20070601_p1.png,2007-06-01,standard,p1,,9892648cd724238b897739d274e56468db707ae78e8137aeaf4c192da12f64d3
85556c11105359b946fba249a753bc900fe4606aa2a6457ee455cf61e313f070,20070601_p2.png,2007-06-01,standard,p2,,9892648cd724238b897739d274e56468db707ae78e8137aeaf4c192da12f64d3
f0469f643a2c8db56316197568df14ad6a823bfa885bdfd840c1c6706db3e892,20070615_p1.png,2007-06-15,standard,p1,,e2339af0866753fca1f67aeaed26eb25906d036c9bfbea935c403a6a6f9b44c2
602e5c85468e90e98366d2c669da4a5d8146806c3c6a99598e0cf8571b25ba29,20070629_p1.png,2007-06-29,standard,p1,,7c7a4218525401632086744e1757322d9141378f9ce43e9f1f8f54dc33aecf3d
acc6b9f2e69b82b0faf451b90e2bfa3d45b7761c0deda1db53d0b32239d67829,20070629_p2.png,2007-06-29,standard,p2,,7c7a4218525401632086744e1757322d9141378f9ce43e9f1f8f54dc33aecf3d
ce1723bd685bd6fae5bf9308ac5e73a6dea6a37ee410091a6dddbc475ba26974,20070713_p1.png,2007-07-13,standard,p1,,ee3b0ee603ac6cb642a4c3292af934e7625a71d2bf21fce1951d7a48e86e1302
b8681e746faa4b5cb6f77320c76bdb2dfb9e6b3820d5ed6b664b70e4fb10da59,20070727_p1.png,2007-07-27,standard,p1,,ebd547c28ee165b344c72a23f4e47faf978569439acb650edda8ce6517cad926
a572b600f5f4ec8435b2f00defd2754376adafc4c87f5fe82e25b359cb6a34ee,20070810_p1.png,2007-08-10,standard,p1,,9f903ddaaa73282f4780d6ce525d6f01897de9848951a95ebf226c185da2e270
ec04737b5be5ceccc6d911b8fd4a0ee87d80c2c5b51612c1fc743b879440bb57,20070824_p1.png,2007-08-24,standard,p1,,3e3f42c730ea0b168d8773c4cc0b11dbd218872cd883dbe3074eee570fe9ac33
3d6e69eb9734b781334d2d0c6e560c07d758ae4441d2e4e6a0373db24cf569b2,20070907_p1.png,2007-09-07,standard,p1,,39efae4dce6fc0168f1817ce2500fba049210cd3c922e603d528b8e4810e14a0
88b444b01e9a0a6de13c30e8a34f51d9e9b57fcfeaabf91efee5f50bba5918d7,20071005_p1.png,2007-10-05,standard,p1,,d599c7dccd0d583f1b3754cde1aa35b113444827cde1f3d36652c973b1186e3d
c818ff55e64aa4b515f49c9dcd86502d794b0f6132b87577822d7aacf3b1b01a,20071019_p1.png,2007-10-19,standard,p1,,6457306c1a403529c95066ce1e56a26bb5512f95909f2db78191bed5ca14c003
730db68886b65646c4028dfb6687cef76b5587445e0fe655dae9bba203cabc05,20071102_p1.png,2007-11-02,standard,p1,,2090154d2405a37a0236ef02b203a73b3f9c37317adad62a99269c0773a82ae3
24e4d79ff126094249b04768b66699a01eab6fe6a1c0e3b89df9a3a286bc1d37,20071116_p1.png,2007-11-16,standard,p1,,381ca545d98422e8f53dcf95dbd65ff0e5fede512fce1d97f314cfcd1483f2bb
84ce48d211fcc3271f8fec8e134917c5526942c17db8ecb4623dba4e78cb5b76,20071130_p1.png,2007-11-30,standard,p1,,1c2019aa3d0ba34392d16e9aba9ec693572b45dbd26379eb8559f77d9c95b665
e733a3d77a148da433a25783d64dd1111e5253331ba3df801d39f615e792e5ea,20071214_p1.png,2007-12-14,standard,p1,,a3879454cd47f3d15f1e5a047885b221d5c93c03100dc419a465dbabe58303a2
1b5ad24170cb6e8daf8b659440ede2db47c80b38101ef9cae37b388b9f1e0aca,20080104_p1.png,2008-01-04,standard,p1,,1b3f7a0a571229758a913599e2837eb1ae210d07ba906bd357d8d7deed43566d
5c13feab64faa4bd2f3289b1517aee48e4932bd338e92bffcd4022da5cb33328,20080118_p1.png,2008-01-18,standard,p1,,59a4f7eabaf43fd99014becd9d0e852781d282c5abf7301bf34534dfe9428c71
ae1706591e2a6e95cee33ae688198697fc84937ac4f5b04398e8011513dbbbf2,20080201_p1.png,2008-02-01,standard,p1,,2d6624075b7392a2f8e4d9c44de876620bfbf1c7e628373be1b5c1d4fefdad15
3af9522268b312a7b0fe955b2a0de6e5ad33368123f1d3a5decfe9052bbf6973,20080215_p1.png,2008-02-15,standard,p1,,3275291d780b36c979e83f7aa57ef27c2b95488a606b1ad5cbba92a7818d92e9
0328334b0ff2dad596da01348f28f825530deae56497da7105a4dfd807abd897,20080229_p1.png,2008-02-29,standard,p1,,7b64538e1881d18a281282e4a4e5cc0d485ffc715e5d4845308765addfc231d1
db3f2b2736ca70db64622808a13eebf47c68f803f810a05da05c0018fc69a9d5,20080314_p1.png,2008-03-14,standard,p1,,17940832341f4dada8f93978128c6858f0458aab42a8add704a025392c3a9b03
0833b6ce4ddc33c7d35267ebf1a18cb1b7149ae0fd8294b1a055d4c5ba622947,20080328_p1.png,2008-03-28,standard,p1,,68d7c708e2c4c6429102441f026678e0e8fa10e253263a411c50edc554779af8
2a01b480598d30c1e027eb5208bf769e2a9b46aa377d695b14620e333edbb819,20080404_p1_obit.png,2008-04-04,special,p1,obit,b9b8c5ec101e8515f94933b85d700bfdbf30c587013838751b97b9be6089fe77
